position_m,Al_wt_percent,D_m2_s
2e-06,3.065,-0.0
4e-06,3.017333,5.386524303259535e-15
6e-06,3.0322,-8.811207578294702e-15
8e-06,3.031143,4.065555111771697e-14
9.999999999999999e-06,3.029111,-6.247500471561153e-14
1.2e-05,3.033273,-1.01018859185437e-14
1.4e-05,3.040769,-3.535848784236941e-15
1.6e-05,3.0588,-1.3201636101255392e-15
1.8e-05,3.059118,-1.6344006398027123e-14
1.9999999999999998e-05,3.060211,8.806336082917789e-15
2.2e-05,3.056952,7.746168635422312e-15
2.4e-05,3.056217,-1.4192734450638984e-14
2.6e-05,3.05932,-8.142123549217512e-15
2.8e-05,3.058963,-5.05341251002807e-15
2.9999999999999997e-05,3.064,-1.6905399653763271e-15
3.2e-05,3.062194,1.5190399716050237e-14
3.4e-05,3.063212,-2.9921405903101486e-15
3.6e-05,3.064971,-6.6110089904285616e-15
3.7999999999999995e-05,3.063514,1.7490046542261051e-15
3.9999999999999996e-05,3.060846,3.484548233834753e-15
4.2e-05,3.058707,1.5789758956289833e-14
4.4e-05,3.059302,5.3257371885405204e-14
4.6e-05,3.058289,1.3193743516387322e-13
4.8e-05,3.059106,-6.362920842782239e-15
4.9999999999999996e-05,3.061898,-4.959356540656767e-15
5.2e-05,3.061745,3.6831938873163117e-14
5.4e-05,3.061528,5.3863061437370365e-15
5.6e-05,3.059073,3.9624780380078956e-14
5.8e-05,3.060947,-4.469653259550962e-14
5.9999999999999995e-05,3.059441,9.832518916218016e-15
6.2e-05,3.058738,-1.2461697385554978e-13
6.4e-05,3.059635,-8.443229341910368e-15
6.599999999999999e-05,3.061231,-4.3728695821117574e-15
6.8e-05,3.063179,-3.3664228592324074e-15
7e-05,3.063826,-1.51043405489739e-14
7.2e-05,3.063609,-3.030066168182857e-15
7.4e-05,3.066217,8.445983404889353e-16
7.599999999999999e-05,3.065681,1.5941485803776493e-16
7.8e-05,3.065623,8.444790839923888e-16
7.999999999999999e-05,3.065333,-5.695162658119605e-16
8.2e-05,3.067884,2.9647305304610985e-15
8.4e-05,3.067841,4.859213866078008e-13
8.599999999999999e-05,3.067899,1.4765877627818202e-14
8.8e-05,3.068348,6.932120865339274e-14
8.999999999999999e-05,3.068029,-7.774819984900232e-14
9.2e-05,3.068246,2.601913073103985e-14
9.4e-05,3.068362,-1.4216506395845135e-14
9.6e-05,3.067609,-1.2497210136265978e-15
9.8e-05,3.063145,1.327003272131027e-15
9.999999999999999e-05,3.061217,4.543275439494296e-15
0.000102,3.059855,1.6828779115043983e-14
0.000104,3.060058,-1.603647500009247e-14
0.000106,3.061029,-8.676793409129076e-15
0.000108,3.061855,-6.031305232731315e-15
0.00010999999999999999,3.063159,-6.839444135394209e-15
0.000112,3.063101,9.114935516158815e-15
0.00011399999999999999,3.062203,1.8334209247579624e-14
0.000116,3.062464,-3.9341974643375767e-14
0.000118,3.062478,7.35862289260872e-15
0.00011999999999999999,3.061,3.84740189259945e-14
0.000122,3.062072,-6.014140431911865e-15
0.000124,3.063014,5.2236096525514405e-14
0.000126,3.061899,5.332121223211628e-15
0.000128,3.060638,2.1012196482655535e-14
0.00013,3.061101,-1.442935398233951e-14
0.00013199999999999998,3.061696,-2.0001636853320228e-14
0.000134,3.061768,5.022475276649407e-14
0.000136,3.061435,8.813676162589343e-15
0.000138,3.060159,6.623777443336763e-14
0.00014,3.061159,-1.5525734471821424e-14
0.00014199999999999998,3.06113,3.7452475974145036e-14
0.000144,3.060754,-1.6368227015890806e-14
0.000146,3.06213,-6.9529912955229075e-15
0.000148,3.062478,-4.842663081536529e-15
0.00015,3.064377,-3.5315005415078968e-15
0.00015199999999999998,3.063855,-4.938160500643758e-15
0.000154,3.065696,-7.374728422216016e-16
0.000156,3.064812,2.5590233747304692e-15
0.000158,3.064333,3.869741784641381e-15
0.00015999999999999999,3.063522,-1.1806376551923181e-14
0.00016199999999999998,3.064971,-2.2775281783744895e-15
0.000164,3.064841,2.1981808658088723e-15
0.000166,3.06342,3.233940181923916e-15
0.000168,3.06242,-1.1087717877991581e-14
0.00016999999999999999,3.064406,-2.797839712731564e-15
0.00017199999999999998,3.06413,1.17922707055777e-14
0.000174,3.063928,-6.2590766068591445e-15
0.000176,3.06513,1.7096696959235243e-13
0.000178,3.063913,-6.579129364065682e-15
0.00017999999999999998,3.066087,1.285312802402937e-16
0.00018199999999999998,3.066667,-2.571319870670534e-15
0.000184,3.065261,-2.5670365197943355e-15
0.000186,3.067507,1.962371297967755e-15
0.000188,3.067638,1.6594839145231973e-14
0.00018999999999999998,3.067812,6.119698846337903e-15
0.000192,3.068551,-8.296430299253817e-15
0.000194,3.06687,-1.14700481886651e-15
0.000196,3.066145,-2.227966444279131e-16
0.000198,3.064246,5.767652788649742e-15
0.00019999999999999998,3.065261,1.1421519824834437e-15
0.000202,3.062435,3.0398220515122895e-15
0.000204,3.061812,1.6061294091950094e-14
0.000206,3.061667,8.549734827497371e-15
0.000208,3.060319,2.0627314738113124e-14
0.00020999999999999998,3.060855,9.966447113986642e-15
0.000212,3.058797,6.652663970737284e-14
0.000214,3.060536,-5.479260113928299e-15
0.000216,3.061739,-6.037076879561844e-15
0.00021799999999999999,3.062623,9.736482379667445e-15
0.00021999999999999998,3.06071,6.1471295223137135e-15
0.000222,3.060087,-7.499392154064615e-14
0.000224,3.060942,-1.7151242051014908e-14
0.000226,3.060957,-9.918823105116882e-13
0.00022799999999999999,3.060957,-6.85632933533425e-14
0.00022999999999999998,3.061174,-2.8115102779689784e-14
0.000232,3.061464,-2.5042420943364573e-14
0.000234,3.06171,-1.950782982477623e-14
0.000236,3.062116,-4.13329022175043e-15
0.00023799999999999998,3.064507,-1.3130099219130629e-15
0.00023999999999999998,3.065739,-1.0347684117878674e-15
0.000242,3.065725,5.990691190894344e-15
0.000244,3.065522,1.6784508553575525e-15
0.00024599999999999996,3.064609,2.0442923070413242e-15
0.000248,3.063348,2.811042362015215e-15
0.00025,3.061768,8.649775573616893e-15
0.000252,3.061913,1.0227672756658712e-14
0.000254,3.060594,8.79582743411703e-15
0.000256,3.06013,2.7915427938251306e-14
0.000258,3.059986,4.798825259794933e-14
0.00026,3.059768,6.739571874923063e-15
0.00026199999999999997,3.057319,9.074132952835692e-15
0.00026399999999999997,3.057043,-5.6761670715959327e-14
0.000266,3.057768,-2.2507311424634607e-14
0.000268,3.058087,2.240109242666614e-13
0.00027,3.057667,1.97595994420145e-14
0.000272,3.056884,-1.4885597095714075e-13
0.000274,3.057841,-2.55251647811291e-14
0.000276,3.057797,6.490310144068057e-15
0.000278,3.054232,1.3254458725281281e-14
0.00028,3.055304,-1.858198203281581e-14
0.00028199999999999997,3.055855,4.717079130820081e-14
0.00028399999999999996,3.054696,4.138244117917131e-14
0.000286,3.055087,4.0023625610160244e-14
0.000288,3.053928,3.8876967263806526e-14
0.00029,3.054217,-7.139498927664627e-14
0.000292,3.054391,5.6295887635438036e-14
0.000294,3.053638,-9.93761377604166e-14
0.000296,3.054739,-1.0933353693663167e-14
0.000298,3.056536,-6.420962732103988e-14
0.0003,3.055159,1.7580390387734363e-14
0.00030199999999999997,3.054797,7.504085498983429e-14
0.00030399999999999996,3.054739,2.632428824109696e-14
0.000306,3.053594,1.8533892625371014e-14
0.000308,3.05287,-2.2820989624864e-13
0.00031,3.053754,-3.3267506642890766e-14
0.000312,3.053899,1.1675563115081024e-12
0.000314,3.053725,-2.3823340446315193e-13
0.000316,3.054043,-1.520289360406225e-14
0.000318,3.055928,-5.818028228272613e-14
0.00031999999999999997,3.054536,1.6713676535388237e-14
0.00032199999999999997,3.054,1.6438349062457953e-14
0.00032399999999999996,3.052493,2.5046888906665335e-14
0.000326,3.052507,1.7773406177746333e-14
0.000328,3.050391,1.2972729876747816e-14
0.00033,3.049217,2.2811804917523948e-14
0.000332,3.048391,7.314170492387033e-14
0.000334,3.048565,6.042802804784318e-14
0.000336,3.047609,2.01422062479437e-14
0.000338,3.046101,-1.8402313312535816e-12
0.00033999999999999997,3.047638,-1.2808747757048285e-14
0.00034199999999999996,3.049971,-2.8812495304766406e-14
0.00034399999999999996,3.049159,-1.1718092312806595e-13
0.000346,3.050362,-5.872948417620096e-13
0.000348,3.049232,3.3161849861515426e-14
0.00035,3.048986,2.1206123406816955e-13
0.000352,3.049014,3.578404400216455e-14
0.000354,3.047696,1.3901235822824571e-14
0.000356,3.045464,1.3962171274518995e-13
0.000358,3.047304,-1.6548753055071762e-13
0.00035999999999999997,3.045768,3.240670437516847e-14
0.00036199999999999996,3.045638,-1.2340951444970295e-12
0.00036399999999999996,3.045812,3.716256412340096e-14
0.000366,3.044188,2.6210685225820133e-14
0.000368,3.043609,6.686968081687015e-14
0.00037,3.043304,-1.875629329608458e-13
0.000372,3.043928,-4.151107589009864e-14
0.000374,3.04471,-1.956076752723241e-13
0.000376,3.044217,1.206761071609642e-13
0.00037799999999999997,3.044232,-1.1043720654637118e-13
0.00037999999999999997,3.044739,6.604724232476676e-14
0.00038199999999999996,3.043377,3.7737012960964424e-14
0.000384,3.043159,-2.0733695084875328e-13
0.000386,3.043667,-3.129446768018705e-14
0.000388,3.045043,-2.6738209495243455e-14
0.00039,3.045754,-4.2458505417861326e-14
0.000392,3.046319,-2.0342087017274089e-13
0.000394,3.046014,-3.214293488301157e-14
0.000396,3.047986,-1.7796063358376922e-13
0.00039799999999999997,3.04629,6.884896562498212e-14
0.00039999999999999996,3.047217,-2.7417530999323493e-14
0.00040199999999999996,3.048145,-1.1213509066779042e-13
0.000404,3.047652,7.818266170231702e-14
0.000406,3.047507,3.236848633191938e-14
0.000408,3.046101,3.316231892232865e-14
0.00041,3.045899,2.944796624583055e-14
0.000412,3.044275,3.6624239326076097e-14
0.000414,3.044333,-4.385139637419917e-14
0.000416,3.04558,-4.759326465709879e-14
0.00041799999999999997,3.045478,2.895078695970979e-13
0.00041999999999999996,3.045391,-1.4564004402787283e-13
0.00042199999999999996,3.045855,3.0246948130683156e-14
0.000424,3.043609,2.2906133614312315e-14
0.000426,3.04329,-6.217711786105506e-14
0.000428,3.044565,-1.0579196389743652e-13
0.00043,3.043826,-2.3597305317732407e-13
0.000432,3.044812,1.8481372161466972e-13
0.000434,3.043522,4.467318013619931e-14
0.00043599999999999997,3.043493,-5.219939871114858e-14
0.00043799999999999997,3.044652,-4.3829556757156174e-14
0.00043999999999999996,3.044783,-1.6845723295313917e-13
0.00044199999999999996,3.044986,-1.4281182975710373e-13
0.000444,3.045174,4.026648063215157e-14
0.000446,3.043609,1.6601422115391247e-14
0.000448,3.041638,1.270506188175207e-14
0.00045,3.038667,4.134690628758174e-14
0.000452,3.039971,-1.2358461703425982e-13
0.000454,3.039203,1.4265129946813494e-14
0.00045599999999999997,3.035217,1.7949407019895745e-14
0.00045799999999999997,3.034971,7.646278578124378e-14
0.00045999999999999996,3.034217,1.0984859430636781e-13
0.00046199999999999995,3.034261,3.1668113198324726e-13
0.000464,3.033971,-9.6778844635541e-14
0.000466,3.035072,-6.928086958192931e-14
0.000468,3.035072,-5.977918292296565e-14
0.00047,3.036348,1.88584228239324e-13
0.000472,3.034681,5.972468741550909e-14
0.000474,3.035058,-1.0524056188700947e-13
0.00047599999999999997,3.035406,1.629609270877287e-13
0.00047799999999999996,3.034594,2.1482326651542813e-14
0.00047999999999999996,3.031812,2.272392022069388e-14
0.00048199999999999995,3.030957,4.5797022081304054e-14
0.000484,3.029971,8.259162041259575e-14
0.000486,3.029913,-1.5669287475246123e-13
0.000488,3.030522,8.770851833874171e-14
0.00049,3.028942,3.0891798394646474e-14
0.0004919999999999999,3.027667,1.0776777133442971e-13
0.000494,3.028101,5.342444131434982e-14
0.000496,3.025986,1.156809718096014e-13
0.000498,3.02729,-6.5252872696180875e-12
0.0005,3.026,3.441516696047316e-14
0.000502,3.024565,9.784068549286333e-14
0.000504,3.025014,-6.226085280791094e-14
0.0005059999999999999,3.026101,-1.0241939721785292e-13
0.000508,3.025928,3.562069010418588e-14
0.0005099999999999999,3.023464,1.7377351637302012e-14
0.000512,3.020261,3.618686319713202e-14
0.000514,3.02058,3.2532634273067125e-13
0.000516,3.019942,4.9245438273908725e-14
0.000518,3.018449,5.543379749744328e-14
0.00052,3.018,6.68294821463996e-14
0.000522,3.016826,4.541201740899688e-14
0.0005239999999999999,3.015565,1.0965953023768324e-13
0.000526,3.015797,-8.1645105486618e-14
0.0005279999999999999,3.016942,-1.9032550587281934e-12
0.00053,3.015855,7.046057209614486e-14
0.000532,3.015348,3.756086580688652e-14
0.000534,3.012841,3.7563749932911223e-14
0.000536,3.012217,1.574318193790262e-13
0.000538,3.012087,7.138657211088575e-14
0.00054,3.010551,3.369192873242862e-14
0.000542,3.008478,2.6907667130463365e-14
0.000544,3.005899,4.8343791155391946e-14
0.0005459999999999999,3.005797,-7.053498265706025e-14
0.000548,3.007739,3.011266486031732e-13
0.0005499999999999999,3.005377,2.904142040197303e-14
0.000552,3.003246,7.228310923917542e-14
0.000554,3.003522,6.492743975703015e-14
0.000556,3.001188,4.497433694605823e-14
0.000558,3.000464,7.914394160444461e-14
0.00056,2.999435,-1.2118065484775293e-13
0.000562,3.001623,-2.69882574927617e-13
0.0005639999999999999,2.999942,2.5084936607972086e-14
0.000566,2.996058,3.702760147950879e-14
0.0005679999999999999,2.996,4.710010614307931e-14
0.00057,2.992957,5.261308047128814e-14
0.000572,2.99313,7.93680073934634e-14
0.000574,2.991058,3.231008212045769e-14
0.000576,2.988362,2.977505341190495e-14
0.000578,2.985739,6.374756802179911e-14
0.00058,2.985812,2.948102096947522e-13
0.0005819999999999999,2.985188,1.3417595176464835e-13
0.000584,2.984594,7.875439570724974e-14
0.0005859999999999999,2.983101,1.916060976643358e-12
0.000588,2.984507,1.0916187410111566e-13
0.0005899999999999999,2.981594,3.8616306907461194e-14
0.000592,2.98013,-9.843836037448205e-13
0.000594,2.981768,-1.5314620707808816e-13
0.000596,2.981232,8.604077143084653e-14
0.000598,2.979797,5.642874610768868e-14
0.0006,2.978188,8.291512293185792e-14
0.000602,2.977696,7.689925343925599e-14
0.0006039999999999999,2.975913,6.066206233651408e-14
0.000606,2.974768,4.342044749990257e-14
0.0006079999999999999,2.971783,3.830665702023848e-14
0.00061,2.969971,4.544934706783858e-14
0.000612,2.967681,2.878351973042278e-14
0.000614,2.963377,2.5433446594726304e-14
0.000616,2.959971,5.41905908000736e-14
0.000618,2.959667,1.1680413291983303e-13
0.00062,2.958246,5.616268170586871e-14
0.0006219999999999999,2.956043,4.951843828386775e-14
0.000624,2.954072,4.393864455237211e-14
0.0006259999999999999,2.951275,3.0946037363725106e-14
0.000628,2.947174,3.3250082712751404e-14
0.0006299999999999999,2.944681,5.392146587087692e-14
0.000632,2.943043,6.090289465281014e-14
0.000634,2.940986,5.0732991259665633e-14
0.000636,2.938551,5.952534885011328e-14
0.000638,2.937101,4.705429632226968e-14
0.0006399999999999999,2.933594,4.2333387240624926e-14
0.000642,2.931478,4.735928547637042e-14
0.0006439999999999999,2.928507,3.565773487702001e-14
0.000646,2.924609,4.230910583436889e-14
0.0006479999999999999,2.922594,1.1950285066472272e-13
0.00065,2.922493,7.428136745523845e-14
0.000652,2.919188,4.2583201190470186e-14
0.000654,2.916449,8.742873225430406e-14
0.000656,2.916203,8.01277079896386e-14
0.000658,2.913188,5.884555891770658e-14
0.00066,2.911696,7.681024712362554e-14
0.0006619999999999999,2.90971,4.962267829392051e-14
0.000664,2.906261,2.757070396012774e-14
0.0006659999999999999,2.899768,3.319146990332606e-14
0.000668,2.897754,9.102383046502802e-14
0.00067,2.896638,8.129088016608186e-14
0.000672,2.894232,5.719872108908117e-14
0.000674,2.89158,5.285467431038863e-14
0.000676,2.888696,4.5009516624115573e-14
0.000678,2.885,4.987504626989775e-14
0.0006799999999999999,2.882667,7.100385346846952e-14
0.000682,2.880725,7.730483312527544e-14
0.0006839999999999999,2.87871,5.101300901182907e-14
0.000686,2.874681,5.257665859369718e-14
0.0006879999999999999,2.872754,7.802117504030172e-14
0.00069,2.870638,6.303369804083534e-14
0.000692,2.86771,4.938276792578157e-14
0.000694,2.86413,4.413230894550924e-14
0.000696,2.860333,4.272016073906539e-14
0.0006979999999999999,2.856406,3.470986518746249e-14
0.0007,2.850696,3.753070139760411e-14
0.0007019999999999999,2.847319,5.949387579161253e-14
0.000704,2.844899,4.252791990859586e-14
0.0007059999999999999,2.839145,4.331895343939183e-14
0.000708,2.836725,5.0444045010623415e-14
0.00071,2.832072,4.040984051136792e-14
0.000712,2.827768,4.847223247282613e-14
0.000714,2.824507,5.728046416858199e-14
0.000716,2.821304,4.048335836845464e-14
0.000718,2.815275,3.385426599285003e-14
0.0007199999999999999,2.810072,4.19928007447066e-14
0.000722,2.806087,4.929524949541434e-14
0.0007239999999999999,2.802159,4.51112443992383e-14
0.000726,2.797348,3.9528699220049964e-14
0.0007279999999999999,2.792058,5.023525793799768e-14
0.00073,2.78929,4.978770903447223e-14
0.000732,2.78387,4.255755678326074e-14
0.000734,2.77958,4.7466777660637836e-14
0.000736,2.775072,4.5874267744331985e-14
0.0007379999999999999,2.770377,3.632298230238387e-14
0.00074,2.763319,3.526634343989782e-14
0.0007419999999999999,2.758072,4.5840664836841114e-14
0.000744,2.753739,7.09921348615575e-14
0.0007459999999999999,2.751826,1.0241145995434923e-13
0.000748,2.749391,6.421532442748677e-14
0.00075,2.744855,6.457256202255756e-14
0.000752,2.742391,6.245495225618956e-14
0.000754,2.73758,3.8428771500434413e-14
0.0007559999999999999,2.730449,3.865973556763352e-14
0.000758,2.725536,5.267153245358119e-14
0.0007599999999999999,2.721522,5.215273633039243e-14
0.000762,2.716449,4.4026435817489956e-14
0.0007639999999999999,2.710652,4.9171194203856375e-14
0.000766,2.706609,5.829888456667427e-14
0.000768,2.70229,5.36422963413253e-14
0.00077,2.697449,5.150820799572426e-14
0.000772,2.692667,4.191128882463285e-14
0.000774,2.685522,3.6453283321462454e-14
0.000776,2.678783,4.1025289226454115e-14
0.0007779999999999999,2.673043,4.9533706794429317e-14
0.00078,2.668348,4.150453057051796e-14
0.0007819999999999999,2.660493,3.8272677684427897e-14
0.000784,2.654565,4.898551614846928e-14
0.0007859999999999999,2.649623,4.752625382911121e-14
0.000788,2.643275,4.341959147288053e-14
0.00079,2.637145,4.4649976276269637e-14
0.000792,2.631029,3.541214040147523e-14
0.000794,2.621565,3.5831375251531905e-14
0.0007959999999999999,2.61542,3.6724544477704966e-14
0.000798,2.606203,3.318812847694439e-14
0.0007999999999999999,2.598203,3.973741469415244e-14
0.000802,2.591667,5.623038016760811e-14
0.0008039999999999999,2.587841,5.233524602837184e-14
0.000806,2.580478,3.68796600331129e-14
0.000808,2.571812,3.6204647837440275e-14
0.00081,2.563971,4.003456554906544e-14
0.000812,2.556739,4.0080810635821584e-14
0.0008139999999999999,2.548783,3.922425326054552e-14
0.000816,2.541072,4.3216524817704417e-14
0.0008179999999999999,2.534435,4.3328291344074705e-14
0.00082,2.526652,4.026804960308457e-14
0.0008219999999999999,2.518783,3.948572947954608e-14
0.000824,2.510551,4.267990973769207e-14
0.0008259999999999999,2.503754,4.2905660292988294e-14
0.000828,2.495493,4.803541861707907e-14
0.00083,2.490188,5.513207753974281e-14
0.000832,2.483609,4.564556179250131e-14
0.000834,2.475739,5.056448656322623e-14
0.0008359999999999999,2.470464,4.8523738037024726e-14
0.000838,2.461971,4.8917342950090746e-14
0.0008399999999999999,2.456696,7.680674041605116e-14
0.000842,2.453159,5.812581810677344e-14
0.0008439999999999999,2.445014,3.815714335366979e-14
0.000846,2.435232,3.740022871810051e-14
0.000848,2.426565,4.2151708152636366e-14
0.00085,2.418739,3.9551068757903153e-14
0.000852,2.40887,3.765648995673253e-14
0.0008539999999999999,2.4,4.2831125191681416e-14
0.000856,2.392275,4.556575214518764e-14
0.0008579999999999999,2.384304,3.8141904175451545e-14
0.00086,2.373406,3.7150450602390614e-14
0.0008619999999999999,2.364768,4.221439691783396e-14
0.000864,2.356101,4.1752583504392785e-14
0.0008659999999999999,2.347159,3.830653860290491e-14
0.000868,2.336783,3.7328180983782424e-14
0.00087,2.327188,3.824264966154262e-14
0.0008719999999999999,2.317159,3.844995124100473e-14
0.000874,2.307536,3.9935096727363566e-14
0.0008759999999999999,2.298116,4.4443148930244746e-14
0.000878,2.290319,4.699946751773189e-14
0.0008799999999999999,2.281754,4.520797984313395e-14
0.000882,2.273217,4.0351596358066025e-14
0.0008839999999999999,2.262493,3.607950916387562e-14
0.000886,2.251536,3.70806420031567e-14
0.000888,2.241261,4.0034486533982863e-14
0.00089,2.231754,4.177823060124965e-14
0.000892,2.222203,4.338245000619351e-14
0.0008939999999999999,2.213304,4.4323555657444275e-14
0.000896,2.204058,3.966320742033819e-14
0.0008979999999999999,2.192928,3.908363279407997e-14
0.0009,2.183261,4.494252406617811e-14
0.0009019999999999999,2.174754,4.700615496017345e-14
0.000904,2.165812,4.4265930381001854e-14
0.000906,2.156145,4.078336225045847e-14
0.000908,2.145522,3.8404618309738706e-14
0.00091,2.134493,4.0777461150048615e-14
0.0009119999999999999,2.125029,4.3829437095270626e-14
0.000914,2.115348,4.345236348936839e-14
0.0009159999999999999,2.105638,3.965472641176267e-14
0.000918,2.094014,3.9787930182310173e-14
0.0009199999999999999,2.084275,4.241936670006601e-14
0.000922,2.073899,3.738836005387246e-14
0.0009239999999999999,2.061362,3.503672521539019e-14
0.000926,2.049333,3.765869361382337e-14
0.000928,2.038406,3.730910022614701e-14
0.0009299999999999999,2.026072,3.5647351900969136e-14
0.000932,2.013957,3.8095097146411476e-14
0.0009339999999999999,2.003101,4.15310970099926e-14
0.000936,1.992812,4.1895971445827514e-14
0.0009379999999999999,1.982072,3.862663217622632e-14
0.00094,1.969928,3.4721066772168425e-14
0.0009419999999999999,1.956522,3.5724794004172746e-14
0.000944,1.945,3.9114138817376337e-14
0.000946,1.933681,4.0440939350165376e-14
0.000948,1.922841,3.9546753877231095e-14
0.00095,1.910957,3.827210224473854e-14
0.0009519999999999999,1.89929,3.826181983679924e-14
0.000954,1.887333,3.567754103104707e-14
0.0009559999999999999,1.873884,3.546305195193542e-14
0.000958,1.861696,3.648437378205808e-14
0.0009599999999999999,1.848899,3.476544094121556e-14
0.000962,1.835406,3.466756996424462e-14
0.0009639999999999999,1.822464,3.7620620301639506e-14
0.000966,1.810986,3.393217947209214e-14
0.000968,1.795333,3.200703848347717e-14
0.0009699999999999999,1.782145,3.6580669553716735e-14
0.000972,1.770043,3.4199715463457974e-14
0.0009739999999999999,1.755043,3.405852472947656e-14
0.000976,1.742768,3.291056643258309e-14
0.000978,1.726768,2.8892767684963144e-14
0.00098,1.710493,3.2269510732244633e-14
0.000982,1.697812,3.7670341112335914e-14
0.0009839999999999998,1.685652,3.6525788304493195e-14
0.000986,1.672159,3.4657889411822534e-14
0.000988,1.65858,3.69141751578582e-14
0.00099,1.64671,3.785534606818407e-14
0.000992,1.633739,3.493771120629981e-14
0.0009939999999999999,1.619768,3.375443897694294e-14
0.000996,1.605826,3.748078402745646e-14
0.000998,1.594609,3.6843813410843675e-14
0.001,1.580217,3.435854100911662e-14
0.0010019999999999999,1.56713,3.6781757327744463e-14
0.001004,1.554536,3.779745996896757e-14
0.001006,1.54213,3.579429913025747e-14
0.001008,1.52813,3.4009455830754053e-14
0.00101,1.514333,3.5454636654149585e-14
0.0010119999999999999,1.501464,3.533832719482005e-14
0.001014,1.48758,3.28414305378835e-14
0.001016,1.472681,3.33365417931469e-14
0.001018,1.459232,3.2608439666026796e-14
0.0010199999999999999,1.44371,3.20309921063466e-14
0.001022,1.429754,3.4360135418700054e-14
0.001024,1.416246,3.509646302771439e-14
0.001026,1.402884,3.5550065821961816e-14
0.001028,1.389739,3.753035979807585e-14
0.0010299999999999999,1.377797,3.640511423982166e-14
0.001032,1.363899,3.1473999325573577e-14
0.001034,1.347942,3.269902043505103e-14
0.001036,1.335203,3.407057962726524e-14
0.0010379999999999999,1.320435,3.269174018619241e-14
0.00104,1.30658,3.3822511383935463e-14
0.001042,1.292812,3.373103646327019e-14
0.001044,1.278928,3.299549215678154e-14
0.001046,1.264594,3.305034761806359e-14
0.0010479999999999999,1.250812,3.327672858143369e-14
0.00105,1.236725,3.226379011007053e-14
0.001052,1.22213,3.4303549227592734e-14
0.001054,1.209812,3.569338895281541e-14
0.0010559999999999999,1.196319,3.4671396508484947e-14
0.001058,1.183304,3.555983834774069e-14
0.00106,1.170536,3.513610267732884e-14
0.001062,1.157275,3.3853843098948904e-14
0.001064,1.143594,3.3521712092286496e-14
0.0010659999999999999,1.130145,3.510972541386207e-14
0.001068,1.117768,3.7357668432879856e-14
0.00107,1.105942,3.5795584944839326e-14
0.001072,1.09258,3.5210462110143695e-14
0.0010739999999999999,1.08042,3.52610417898323e-14
0.001076,1.067174,3.6340124638543387e-14
0.001078,1.055855,3.80927491647002e-14
0.00108,1.043812,3.514919565304759e-14
0.0010819999999999998,1.030623,3.365946707803923e-14
0.001084,1.017565,3.2750511308877057e-14
0.001086,1.003754,3.3870047693242636e-14
0.001088,0.991696,3.552826142521328e-14
0.00109,0.979188,3.371102911945578e-14
0.0010919999999999999,0.965913,3.491389925375264e-14
0.001094,0.954406,3.7419795405551415e-14
0.001096,0.942884,3.655146714416339e-14
0.001098,0.930928,3.585776904627944e-14
0.0010999999999999998,0.919058,3.476451575611806e-14
0.001102,0.906464,3.3656091459369295e-14
0.001104,0.893913,3.284217568588275e-14
0.001106,0.880826,3.4354273570446204e-14
0.001108,0.869536,3.489544201781863e-14
0.0011099999999999999,0.856942,3.485305521465875e-14
0.001112,0.845754,3.597067166955313e-14
0.001114,0.834014,3.559734083141054e-14
0.001116,0.82271,3.462576036277243e-14
0.0011179999999999999,0.810449,3.40032927559288e-14
0.00112,0.798855,3.578795127891385e-14
0.001122,0.787913,3.816816982867158e-14
0.001124,0.777841,3.9493856637142314e-14
0.001126,0.76771,3.665191275675211e-14
0.0011279999999999999,0.756188,3.426967138612224e-14
0.00113,0.744696,3.668518266575705e-14
0.001132,0.734826,3.907785035999042e-14
0.001134,0.724754,4.071408850419254e-14
0.0011359999999999999,0.715797,5.073692828148923e-14
0.001138,0.709565,5.3944708141704637e-14
0.00114,0.701565,4.968178317797127e-14
0.001142,0.694188,4.5389655218677495e-14
0.001144,0.684812,4.0682475000290294e-14
0.0011459999999999999,0.675609,4.4344420663781243e-14
0.001148,0.66787,4.8833358144339925e-14
0.00115,0.660304,4.6810449019601186e-14
0.001152,0.651986,4.451078992575287e-14
0.0011539999999999999,0.643696,4.204397885954479e-14
0.001156,0.634507,4.045660776203011e-14
0.001158,0.625652,3.90640373030595e-14
0.00116,0.615942,3.871765917780228e-14
0.001162,0.607058,3.940449683060963e-14
0.0011639999999999999,0.597797,3.654974454244754e-14
0.001166,0.587638,3.6036990558792963e-14
0.001168,0.578261,3.881205432130807e-14
0.00117,0.569638,4.2351236647578185e-14
0.0011719999999999999,0.561884,4.267608281842647e-14
0.001174,0.553493,4.040801358697381e-14
0.001176,0.544957,3.912946709073199e-14
0.001178,0.536145,3.9882593280281405e-14
0.0011799999999999998,0.528072,4.10697800262296e-14
0.0011819999999999999,0.51987,4.202657411152412e-14
0.001184,0.51229,4.35598494067046e-14
0.001186,0.504754,4.443306992971855e-14
0.001188,0.49758,4.904398053082256e-14
0.0011899999999999999,0.491522,4.7243617201483615e-14
0.001192,0.483928,4.384848203630171e-14
0.001194,0.476928,4.3351037351328736e-14
0.001196,0.469275,4.253482387318945e-14
0.0011979999999999998,0.462116,4.6733825905223726e-14
0.0012,0.455899,4.867479771513795e-14
0.001202,0.449362,4.6165340937502066e-14
0.001204,0.442551,4.445497997114436e-14
0.001206,0.435609,4.518439850591831e-14
0.0012079999999999999,0.42913,4.51277977634389e-14
0.00121,0.422275,4.446541917583087e-14
0.001212,0.41571,4.8678456789006656e-14
0.001214,0.410116,4.7152773023225554e-14
0.0012159999999999999,0.403246,4.3221651475384454e-14
0.001218,0.396638,4.8657784649371073e-14
0.00122,0.391377,5.4276178308282005e-14
0.001222,0.386072,7.748668393676724e-14
0.001224,0.384029,8.371783332438027e-14
0.0012259999999999999,0.37929,5.91477720526945e-14
0.001228,0.374493,7.872553077846656e-14
0.00123,0.372174,7.846346548947237e-14
0.001232,0.367377,5.2624634312984666e-14
0.0012339999999999999,0.361638,4.838102526360461e-14
0.001236,0.356014,5.571980179329107e-14
0.001238,0.351855,6.455009996727147e-14
0.00124,0.347623,6.250214467916431e-14
0.001242,0.343246,6.260167433837626e-14
0.0012439999999999999,0.339087,6.064311091962397e-14
0.001246,0.334493,5.6449628818717876e-14
0.001248,0.329754,5.706545970920456e-14
0.00125,0.325333,6.544388100752048e-14
0.0012519999999999999,0.321826,7.131291785409315e-14
0.001254,0.318101,6.905803130026797e-14
0.001256,0.314406,6.590959961105198e-14
0.001258,0.310377,6.227583969502027e-14
0.0012599999999999998,0.30629,6.363432172117081e-14
0.0012619999999999999,0.302493,6.342362147654198e-14
0.001264,0.298435,7.788620438611062e-14
0.001266,0.296145,1.0048515581706179e-13
0.001268,0.293536,8.756059229578403e-14
0.0012699999999999999,0.290551,8.038531360240395e-14
0.001272,0.287478,5.699142552073036e-14
0.001274,0.282058,3.951734875799158e-14
0.001276,0.275362,3.762841762129006e-14
0.0012779999999999998,0.269507,3.8783929923656306e-14
0.0012799999999999999,0.263333,4.558273657851092e-14
0.001282,0.259406,7.499950176578098e-14
0.001284,0.257246,6.669932966444639e-14
0.001286,0.252594,4.638023648485665e-14
0.0012879999999999999,0.247551,5.536490922822138e-14
0.00129,0.244565,6.906515347001962e-14
0.001292,0.241159,6.836536669664814e-14
0.001294,0.238159,1.1540064886673955e-13
0.0012959999999999998,0.237391,4.909791366727782e-13
0.001298,0.237275,2.6044612991687546e-13
0.0013,0.235725,2.7620294407202944e-13
0.001302,0.23571,2.78685732753693e-13
0.001304,0.234174,1.3322654256364153e-13
0.0013059999999999999,0.232478,1.1692121411626261e-13
0.001308,0.230507,1.4358783424533465e-13
0.00131,0.229507,1.4903711290814963e-13
0.001312,0.227652,1.7088361318306576e-13
0.0013139999999999998,0.227029,1.9321574981213206e-13
0.001316,0.225464,1.185588182089677e-13
0.001318,0.223478,1.1558440279004485e-13
0.00132,0.221841,1.284361742643866e-13
0.001322,0.220232,1.7677397808632556e-13
0.0013239999999999999,0.219493,1.4146702378098269e-13
0.001326,0.217304,8.821126497473002e-14
0.001328,0.214826,9.280267631366362e-14
0.00133,0.212899,1.0312967724796627e-13
0.0013319999999999999,0.210884,1.0935081601523774e-13
0.001334,0.209203,1.047033605476889e-13
0.001336,0.207043,9.810612061292916e-14
0.001338,0.20513,1.1919823907673308e-13
0.00134,0.20371,1.1665323813651348e-13
0.0013419999999999999,0.201739,1.1496313965148306e-13
0.001344,0.20029,1.343635274467799e-13
0.001346,0.198826,1.2054419765388956e-13
0.001348,0.197058,1.1571371573056468e-13
0.0013499999999999999,0.195478,9.959725302607428e-14
0.001352,0.193188,1.2053306402674498e-13
0.001354,0.192304,1.576271766927258e-13
0.001356,0.190768,1.4795731716431496e-13
0.0013579999999999998,0.189739,1.1199243175438263e-13
0.0013599999999999999,0.187391,5.95157412813526e-14
0.001362,0.183435,6.368692541250716e-14
0.001364,0.18158,8.932907346527052e-14
0.001366,0.179319,7.489300193919868e-14
0.0013679999999999999,0.17671,7.671044531118832e-14
0.00137,0.174609,1.4724207630751239e-13
0.001372,0.174275,2.4954102372089494e-13
0.001374,0.173174,1.2619344412031416e-13
0.0013759999999999998,0.171449,1.0402492352727087e-13
0.0013779999999999999,0.169768,1.4631826884521487e-13
0.00138,0.169043,2.8174849556871387e-13
0.001382,0.168522,2.1787829270928534e-13
0.001384,0.167435,2.0569474150687673e-13
0.0013859999999999999,0.166826,1.9684333100802102e-13
0.001388,0.165667,1.3277625333971597e-13
0.00139,0.164217,1.5429822499433244e-13
0.001392,0.163435,1.622394561103514e-13
0.0013939999999999998,0.162101,1.8999500212198516e-13
0.0013959999999999999,0.161638,3.095058280895969e-13
0.001398,0.161,1.906104942409399e-13
0.0014,0.159855,1.5878947968594629e-13
0.001402,0.15887,1.0963742320863078e-13
0.0014039999999999999,0.156783,8.994659795510111e-14
0.001406,0.155159,9.89947030217008e-14
0.001408,0.153435,1.3676459489239733e-13
0.00141,0.152754,3.4265435900977724e-13
0.0014119999999999998,0.152478,4.109328229773752e-13
0.001414,0.151957,2.372852504653976e-13
0.001416,0.151101,1.4394853681506496e-13
0.001418,0.149696,1.052623612096511e-13
0.00142,0.148029,1.123853333361877e-13
0.0014219999999999999,0.146841,2.560718895674821e-13
0.001424,0.146783,3.493729844417165e-13
0.001426,0.145928,1.588367090902421e-13
0.001428,0.144783,1.482489649468365e-13
0.0014299999999999998,0.143797,1.901997005432273e-13
0.001432,0.14313,1.034559318086353e-13
0.001434,0.140768,6.871439499948175e-14
0.001436,0.138623,8.455565243829268e-14
0.001438,0.137145,9.002828168556314e-14
0.0014399999999999999,0.135246,9.84405431796669e-14
0.001442,0.134087,1.0479690083499848e-13
0.001444,0.132391,1.320106655074733e-13
0.001446,0.131841,1.407027978917231e-13
0.0014479999999999999,0.13029,1.2331734296758199e-13
0.00145,0.129464,1.5603877263740507e-13
0.001452,0.12842,1.3252637837272e-13
0.001454,0.127275,1.5785095252663211e-13
0.0014559999999999998,0.126594,2.0866421243215597e-13
0.0014579999999999999,0.125899,1.450938914434745e-13
0.00146,0.124623,1.2241232517637492e-13
0.001462,0.12358,2.2129032678184594e-13
0.001464,0.123348,2.62589809386224e-13
0.0014659999999999999,0.122507,2.1015917191665008e-13
0.001468,0.122014,3.061601204866395e-13
0.00147,0.121594,3.926980002061283e-13
0.001472,0.121304,7.382603925439827e-13
0.0014739999999999998,0.121217,2.7542188531223415e-12
0.0014759999999999999,0.121203,-5.806934755448063e-13
0.001478,0.121696,-6.871883213189754e-13
0.00148,0.121609,1.4753887518620487e-12
0.001482,0.121507,6.86383940455924e-13
0.0014839999999999999,0.121203,-8.327644391882513e-13
0.001486,0.121841,-5.210024101373328e-13
0.001488,0.121739,1.4766055338686997e-12
0.00149,0.121652,3.566819190084125e-13
0.0014919999999999998,0.120957,4.2591476298672114e-13
0.0014939999999999999,0.121,5.041248103974773e-13
0.001496,0.120406,4.770927112721623e-13
0.001498,0.12042,5.964199032400385e-13
0.0015,0.119942,3.0216824777268783e-13
0.0015019999999999999,0.119507,7.296935775478858e-13
0.001504,0.119565,-9.489641024738603e-12
0.001506,0.119536,-7.579802226839984e-13
0.001508,0.119928,-1.5854195117176027e-12
0.0015099999999999998,0.11971,-5.139237133686803e-13
0.0015119999999999999,0.120464,-4.246192422063261e-13
0.001514,0.120362,-8.308202486839276e-13
0.001516,0.120797,1.3668506427274127e-12
0.001518,0.120159,2.724670584560368e-13
0.0015199999999999999,0.119783,2.4387438427317313e-13
0.001522,0.119029,5.252139419343511e-13
0.001524,0.119261,5.56996334671735e-13
0.001526,0.118536,3.84826229387242e-13
0.0015279999999999998,0.118551,9.936550227014975e-13
0.00153,0.118261,-1.0448346181899359e-12
0.001532,0.118812,1.255766752295439e-12
0.001534,0.118043,2.537545636295399e-13
0.001536,0.117739,3.9896024849643686e-13
0.0015379999999999999,0.117362,7.187308969967579e-13
0.00154,0.117362,9.343501660963236e-12
0.001542,0.117333,-8.110926294163716e-13
0.001544,0.117696,-3.675456151886035e-13
0.0015459999999999998,0.118072,9.867960880199567e-13
0.001548,0.11742,1.0425714603056563e-12
0.00155,0.117812,-1.041552980211969e-12
0.001552,0.117681,3.5316617339287164e-13
0.0015539999999999998,0.117043,1.437825536321924e-12
0.0015559999999999999,0.117493,-2.9673173936809425e-13
0.001558,0.117957,-6.703100568171192e-13
0.00156,0.117899,5.211280117292665e-13
0.001562,0.117435,1.8072594685885327e-11
0.0015639999999999999,0.117884,-3.47828313638054e-13
0.001566,0.118217,-2.577326876620057e-13
0.001568,0.118942,-2.4241006594139624e-13
0.00157,0.119348,-4.515601784058627e-13
0.0015719999999999998,0.119551,1.457242457298519e-12
0.0015739999999999999,0.119159,6.312815231882734e-13
0.001576,0.119116,1.1159274176877733e-12
0.001578,0.118913,2.6872057621063075e-12
0.00158,0.119014,-1.5764727998729636e-12
0.0015819999999999999,0.119087,3.8656269191797777e-13
0.001584,0.118304,3.0860865320194765e-13
0.001586,0.118203,1.879976140737108e-12
0.001588,0.118159,4.6983310828832825e-12
0.0015899999999999998,0.118145,-7.829695444348502e-13
0.0015919999999999999,0.118507,-1.04692200305403e-12
0.001594,0.118406,8.981255296033298e-13
0.001596,0.118203,-2.0968735405727508e-12
0.001598,0.118536,-6.731827779652871e-13
0.0015999999999999999,0.118609,-4.3895712098687927e-13
0.001602,0.119159,-3.2124600704473527e-13
0.001604,0.119464,-3.872437266821523e-13
0.001606,0.11987,-4.543066259455781e-13
0.0016079999999999998,0.120072,-1.7400113011293775e-12
0.0016099999999999999,0.120029,9.536796554786866e-12
0.001612,0.120043,1.0597625847473247e-12
0.001614,0.119768,2.6821027066518957e-13
0.001616,0.119014,1.2641070355166041e-12
0.0016179999999999999,0.119551,-8.636665868534312e-13
0.00162,0.119333,-3.8197434707771865e-12
0.001622,0.119623,9.068190335635976e-13
0.001624,0.119029,4.5046675387985935e-13
0.0016259999999999998,0.119014,-4.504110613241232e-13
0.0016279999999999999,0.119638,-6.549070438056696e-13
0.00163,0.119435,-4.7457563973348145e-12
0.001632,0.119696,-1.970355602662661e-11
0.0016339999999999998,0.119449,1.898510470565521e-12
0.0016359999999999999,0.119551,-2.3751586638210525e-12
0.001638,0.119565,7.590927789352212e-13
0.00164,0.119188,7.285910309456094e-13
0.001642,0.119188,-1.8311921244450043e-11
0.0016439999999999998,0.119203,-1.1841109000449063e-12
0.001646,0.11942,4.7451786032467746e-12
0.001648,0.119145,3.8672717266115686e-13
0.00165,0.11871,9.432906750564334e-13
0.0016519999999999998,0.118855,8.586082392949653e-13
0.0016539999999999999,0.118391,6.075703114477049e-13
0.001656,0.118406,-4.585456172026979e-13
0.001658,0.118986,-2.868351213832516e-13
0.00166,0.119362,-1.2677953497960332e-12
0.0016619999999999998,0.119203,-2.6934413095947775e-12
0.001664,0.119464,2.69958485667727e-12
0.001666,0.119101,1.1112690202407049e-12
0.001668,0.119217,-1.5791015092230984e-12
0.0016699999999999998,0.119275,-7.573118366167064e-13
0.0016719999999999999,0.11958,-1.9010031479110417e-12
0.001674,0.11942,-9.49156625980341e-12
0.001676,0.119609,-1.9015002827826953e-12
0.001678,0.119565,-1.9007560956381165e-12
0.0016799999999999999,0.119754,-2.7066130862116877e-12
0.001682,0.119667,1.4595761513409944e-12
0.001684,0.119565,-4.1382506394472177e-13
0.001686,0.120333,-9.09880549027498e-13
0.0016879999999999998,0.11987,4.2386664954976846e-13
0.0016899999999999999,0.119681,-1.0032334579561704e-12
0.001692,0.120145,-1.3647834022748704e-12
0.001694,0.119884,3.8928955058074495e-13
0.001696,0.119435,2.6750699955213155e-13
0.0016979999999999999,0.118855,5.728025352558164e-13
0.0017,0.118957,6.750197445409309e-13
0.001702,0.118449,1.1043211450933352e-12
0.001704,0.11871,4.971497731572063e-13
0.0017059999999999998,0.117899,2.0357082055541358e-13
0.0017079999999999999,0.117377,2.7385610231664883e-13
0.00171,0.116913,4.634992391095434e-13
0.001712,0.116797,-7.417971424435398e-13
0.001714,0.117275,-4.330114618122192e-13
0.0017159999999999999,0.11742,4.657620966034165e-12
0.001718,0.117217,1.1621305898074243e-12
0.00172,0.117188,-4.3195303683776965e-13
0.001722,0.117841,-1.9900648940778643e-13
0.0017239999999999998,0.118551,-4.100709245216099e-13
0.0017259999999999999,0.118507,1.5689170010118107e-12
0.001728,0.118377,6.715488349627065e-13
0.00173,0.118101,5.073118496793725e-13
0.0017319999999999998,0.117841,-8.892782384357911e-13
0.0017339999999999999,0.118406,-3.621937550735879e-13
0.001736,0.118594,-1.2591385855612638e-12
0.001738,0.118623,3.932526553167556e-13
0.00174,0.117899,2.7136988172532085e-13
0.0017419999999999998,0.117623,9.80536306986047e-13
0.0017439999999999999,0.117623,7.475912174811182e-13
0.001746,0.117261,-1.4267178449645479e-12
0.001748,0.117812,-4.15863297769738e-13
0.0017499999999999998,0.117913,-3.9855700593021544e-13
0.0017519999999999999,0.118493,-4.381984647084995e-13
0.001754,0.118536,5.232090455194994e-13
0.001756,0.117971,1.8728783086733193e-12
0.001758,0.118391,-3.6169893597900823e-13
0.0017599999999999998,0.118725,-3.6291893402665884e-13
0.001762,0.119145,-1.1844857769056205e-12
0.001764,0.118957,2.3644841169307247e-12
0.001766,0.119029,-1.906111417608799e-12
0.0017679999999999998,0.119101,-2.367935004383951e-12
0.0017699999999999999,0.119145,-7.896645429555073e-13
0.001772,0.119449,-7.921090152015634e-13
0.001774,0.119493,4.7547825045681085e-12
0.001776,0.119391,6.261146815051583e-12
0.0017779999999999998,0.119449,2.729247923833043e-12
0.00178,0.11929,3.1632693595685787e-12
0.001782,0.119362,3.772719989928673e-12
0.001784,0.119217,7.0331561961628e-13
0.0017859999999999998,0.118971,-6.233985453144706e-12
0.0017879999999999999,0.119261,-1.4634251689982444e-12
0.00179,0.119159,-7.592037362043056e-13
0.001792,0.119623,-9.054567081637457e-13
0.001794,0.119464,3.8081008303844013e-13
0.0017959999999999999,0.118899,3.0019231516076677e-13
0.001798,0.118551,3.766461986339217e-13
0.0018,0.118174,-5.689847406578635e-13
0.001802,0.119029,-1.5647753939920184e-13
0.0018039999999999998,0.119928,-3.5387368844903096e-13
0.0018059999999999999,0.119812,5.777536267287021e-13
0.001808,0.119449,1.7230008313892974e-12
0.00181,0.119652,-4.2373706212445454e-13
0.001812,0.120101,-2.393095423054106e-12
0.0018139999999999999,0.119768,3.1794917900335904e-12
0.001816,0.120014,-6.176926177788757e-13
0.001818,0.120217,-8.321748258897037e-13
0.00182,0.120348,-1.0664218423356216e-12
0.0018219999999999998,0.120478,1.1284364030765643e-12
0.0018239999999999999,0.120101,5.982687810376737e-13
0.001826,0.120014,
0.001828,0.120101,1.6046089859997973e-12
0.0018299999999999998,0.119841,4.552867113022514e-13
0.0018319999999999999,0.119493,4.52813955222889e-13
0.001834,0.119232,-9.045191180762029e-13
0.001836,0.119797,-7.339200998615266e-13
0.001838,0.119609,-7.934372134337951e-13
0.0018399999999999998,0.120145,6.312502854217011e-12
0.0018419999999999999,0.119565,3.780517125061474e-12
0.001844,0.120072,-6.835733532687655e-13
0.001846,0.119971,-1.0621481120508466e-12
0.0018479999999999998,0.120333,-8.358404059001546e-13
0.0018499999999999999,0.120304,3.84316827103964e-13
0.001852,0.119609,2.006511757446945e-13
0.001854,0.118928,9.4477564948176e-13
0.001856,0.119319,-5.428005989757434e-13
0.0018579999999999998,0.119435,-5.76487881426957e-13
0.0018599999999999999,0.119797,-2.3852705825996556e-12
0.001862,0.119551,1.9029072715709216e-12
0.001864,0.119652,1.7264897956324207e-12
0.0018659999999999998,0.119391,1.4649880424941574e-12
0.0018679999999999999,0.119464,-4.1326508231855726e-13
0.00187,0.120058,4.784899291224186e-12
0.001872,0.119406,7.045007665832368e-13
0.001874,0.119667,3.175725254774172e-12
0.0018759999999999998,0.119319,-9.489004823597279e-12
0.001878,0.119696,-8.299793324456041e-13
0.00188,0.119652,5.013475681548907e-13
0.001882,0.119145,6.116227076916138e-13
0.0018839999999999998,0.119203,7.028255646329218e-13
0.0018859999999999999,0.118754,4.2846402336247024e-13
0.001888,0.118565,6.717992862500612e-13
0.00189,0.118348,-4.690501293723121e-12
0.001892,0.118623,-3.8442255512021533e-13
0.0018939999999999999,0.119058,-1.051159075419951e-12
0.001896,0.118884,2.0757106634705562e-13
0.001898,0.117739,1.360460524642204e-13
0.0019,0.116899,2.026575254763195e-13
0.0019019999999999998,0.11642,4.2585865212919596e-13
0.0019039999999999999,0.116275,-6.300703783226684e-13
0.001906,0.116841,-2.558644614165902e-13
0.001908,0.117319,-4.034523276270947e-13
0.0019099999999999998,0.117507,-6.633516721598295e-13
0.0019119999999999999,0.117725,1.551971792104106e-12
0.001914,0.117333,2.8959199291431743e-13
0.001916,0.116797,3.612415686156186e-13
0.001918,0.116594,8.75922452211901e-13
0.0019199999999999998,0.116493,-1.219921115276273e-12
0.0019219999999999999,0.116812,-3.292373639932891e-13
0.001924,0.117304,-5.620573183821881e-13
0.001926,0.11729,-8.42057335421152e-13
0.0019279999999999998,0.117623,2.549520247774994e-13
0.0019299999999999999,0.116232,1.1800455760594315e-13
0.001932,0.115377,5.393876500284833e-13
0.001934,0.115746,-3.292436200798375e-11
0.001936,0.115385,3.1173233766977277e-13
0.0019379999999999998,0.114905,4.356698429371156e-13
0.0019399999999999999,0.114787,2.8585432236950332e-12
0.001942,0.114814,4.966028134814867e-13
0.001944,0.114263,2.1279187853380243e-13
0.0019459999999999998,0.1136,2.0902011878491417e-13
0.0019479999999999999,0.113038,1.3516654199327146e-12
0.00195,0.113412,-1.6435301467531068e-13
0.001952,0.114592,-2.6158065437274324e-13
0.001954,0.114404,1.7488922047144298e-12
0.001956,0.114444,4.708637384178526e-12
0.001958,0.114349,8.679335863603443e-13
0.00196,0.114146,-3.204170762080099e-13
0.0019619999999999998,0.115154,-6.619266981466036e-13
0.001964,0.114541,1.1289189264915221e-13
0.001966,0.112857,1.3301753604651345e-13
0.0019679999999999997,0.112636,2.3326003663229347e-13
0.00197,0.111774,1.4944943562872466e-13
0.001972,0.110966,1.5897229027646546e-13
0.001974,0.110222,7.487427610794551e-13
0.001976,0.11064,-1.9489964346489013e-12
0.0019779999999999997,0.110348,1.3714814580305104e-13
0.00198,0.108857,8.323656814609465e-14
0.001982,0.107474,-1.638345007745733e-12
0.001984,0.109,-3.461503970858448e-14
0.001986,0.1144,-2.24528699154638e-13
0.0019879999999999997,0.110154,2.4974429350709636e-14
0.00199,0.104636,4.254200651872617e-14
0.001992,0.104889,-2.885877215987679e-14
0.001994,0.112429,8.16296284338395e-14
0.001996,0.1018,5.41863339744698e-15
0.0019979999999999998,0.073,1.855678335049295e-15
0.002,0.043,0.0
